video,frame_index,filename
f1.mp4,15795,image2746317213.png
f1.mp4,860,image8697354961.png
f1.mp4,5390,image1181241943.png
f1.mp4,11964,image0958682846.png
f1.mp4,11284,image3163119785.png
f10.mp4,6265,image8963334018.png
f10.mp4,16850,image1812140441.png
f10.mp4,4426,image0127978094.png
f10.mp4,14423,image0939042955.png
f10.mp4,11363,image8703905715.png
f11.mp4,16023,image9443935785.png
f11.mp4,8322,image6635473142.png
f11.mp4,1685,image5241752544.png
f11.mp4,769,image6825844140.png
f11.mp4,2433,image3460967357.png
f12.mp4,5311,image7293453178.png
f12.mp4,5051,image5756332150.png
f12.mp4,6420,image0667779376.png
f12.mp4,6396,image1445662585.png
f12.mp4,8666,image4693307665.png
f13.mp4,18942,image4710360983.png
f13.mp4,18431,image7934927891.png
f13.mp4,2747,image6887950851.png
f13.mp4,189,image3466589567.png
f13.mp4,19118,image7429141456.png
f14.mp4,3005,image2303082117.png
f14.mp4,1899,image1625792787.png
f14.mp4,1267,image6665963761.png
f14.mp4,17912,image7995970241.png
f14.mp4,11394,image2479708607.png
f15.mp4,3556,image3026113008.png
f15.mp4,3890,image8786748825.png
f15.mp4,8838,image4728765136.png
f15.mp4,14502,image5488854841.png
f15.mp4,10627,image1566942273.png
f16.mp4,8792,image5884882440.png
f16.mp4,10555,image9489760430.png
f16.mp4,10253,image9736595589.png
f16.mp4,8433,image2783290795.png
f16.mp4,10233,image9324969473.png
f17.mp4,11016,image3131575764.png
f17.mp4,2612,image4996775663.png
f17.mp4,15787,image5924716023.png
f17.mp4,17159,image2392080953.png
f17.mp4,12206,image7235363119.png
f18.mp4,8226,image3332894265.png
f18.mp4,14541,image5649827836.png
f18.mp4,3152,image1149938334.png
f18.mp4,1585,image1351531223.png
f18.mp4,3943,image7110054933.png
f19.mp4,19457,image1970753705.png
f19.mp4,1021,image1137651678.png
f19.mp4,11653,image9649191672.png
f19.mp4,10805,image9718401212.png
f19.mp4,13417,image6805745017.png
f2.mp4,7989,image6010379415.png
f2.mp4,9692,image4284391408.png
f2.mp4,12990,image6483366056.png
f2.mp4,6873,image0470939445.png
f2.mp4,5675,image2694860228.png
f20.mp4,161,image4567816720.png
f20.mp4,4297,image8573276057.png
f20.mp4,995,image6567496105.png
f20.mp4,11534,image8639245200.png
f20.mp4,7629,image3095476665.png
f21.mp4,1016,image7047877267.png
f21.mp4,8529,image4774080233.png
f21.mp4,17262,image1867302554.png
f21.mp4,9268,image1948728483.png
f21.mp4,12185,image9357238580.png
f22.mp4,6331,image3919706735.png
f22.mp4,8571,image2615507143.png
f22.mp4,7208,image4951406973.png
f22.mp4,5276,image3274958945.png
f22.mp4,18446,image8592390865.png
f23.mp4,16448,image5687206971.png
f23.mp4,16216,image0083651970.png
f23.mp4,8006,image8285415473.png
f23.mp4,2568,image1320763135.png
f23.mp4,2027,image0248786714.png
f24.mp4,2695,image4067116918.png
f24.mp4,15422,image8957813353.png
f24.mp4,5258,image3289233844.png
f24.mp4,6736,image9141371741.png
f24.mp4,391,image2361388464.png
f25.mp4,13986,image9728344131.png
f25.mp4,12666,image9453871839.png
f25.mp4,5892,image5633778586.png
f25.mp4,3561,image7086172302.png
f25.mp4,6184,image6517938612.png
f26.mp4,19483,image0519709079.png
f26.mp4,8392,image0965067727.png
f26.mp4,13067,image1452066459.png
f26.mp4,15265,image9578269843.png
f26.mp4,19488,image0945826486.png
f27.mp4,2454,image8894847574.png
f27.mp4,11837,image2710566582.png
f27.mp4,14039,image0983297492.png
f27.mp4,19115,image3888749350.png
f27.mp4,10965,image7987073217.png
f28.mp4,9762,image8894264595.png
f28.mp4,5056,image5317189421.png
f28.mp4,14948,image7168204967.png
f28.mp4,8110,image9510074682.png
f28.mp4,13773,image9158209647.png
f29.mp4,20224,image2030106617.png
f29.mp4,17412,image7664882079.png
f29.mp4,502,image7763140509.png
f29.mp4,6910,image0817804383.png
f29.mp4,12685,image9006249259.png
f3.mp4,206,image6146318035.png
f3.mp4,17868,image6114223633.png
f3.mp4,15934,image3131356954.png
f3.mp4,17247,image0422701550.png
f3.mp4,19174,image3700855390.png
f30.mp4,8755,image1067970820.png
f30.mp4,21500,image9406875631.png
f30.mp4,12383,image1926780541.png
f30.mp4,22403,image1811967841.png
f30.mp4,18141,image5491309593.png
f31.mp4,14820,image3965395580.png
f31.mp4,7574,image2363629219.png
f31.mp4,6374,image8807209816.png
f31.mp4,1678,image3590711152.png
f31.mp4,19626,image4161807235.png
f32.mp4,1059,image3645120421.png
f32.mp4,16198,image5009268066.png
f32.mp4,9914,image6380780055.png
f32.mp4,19541,image0251837136.png
f32.mp4,10817,image1627677155.png
f33.mp4,10921,image8526836552.png
f33.mp4,9789,image6249213370.png
f33.mp4,16312,image7380507338.png
f33.mp4,11252,image0664847319.png
f33.mp4,2693,image1274350418.png
f34.mp4,13931,image4160575046.png
f34.mp4,3627,image2328710672.png
f34.mp4,16157,image7507497883.png
f34.mp4,10173,image0245522987.png
f34.mp4,18047,image6803990970.png
f35.mp4,10230,image0676168421.png
f35.mp4,15707,image0798112150.png
f35.mp4,11494,image2555656321.png
f35.mp4,1306,image5305160342.png
f35.mp4,6776,image9647421460.png
f36.mp4,9474,image2553440342.png
f36.mp4,7526,image2660223333.png
f36.mp4,5530,image6540301973.png
f36.mp4,3748,image8309500117.png
f36.mp4,13545,image9467221176.png
f37.mp4,663,image7370987661.png
f37.mp4,1998,image5320115677.png
f37.mp4,7994,image1699887270.png
f37.mp4,17879,image5583444930.png
f37.mp4,3304,image0311570307.png
f38.mp4,18237,image4278201677.png
f38.mp4,13808,image8904586976.png
f38.mp4,6585,image9505425387.png
f38.mp4,17675,image1139027119.png
f38.mp4,11649,image8303285822.png
f39.mp4,1636,image3783282817.png
f39.mp4,17082,image3776436931.png
f39.mp4,4737,image5882074066.png
f39.mp4,14555,image4972484792.png
f39.mp4,13877,image7316648259.png
f4.mp4,854,image8623534576.png
f4.mp4,5855,image2849232839.png
f4.mp4,7392,image4871743247.png
f4.mp4,13949,image9049650601.png
f4.mp4,5791,image2376077463.png
f40.mp4,4931,image5464693977.png
f40.mp4,19894,image2597724331.png
f40.mp4,202,image7377088167.png
f40.mp4,11447,image9464378379.png
f40.mp4,12688,image9723736806.png
f41.mp4,4389,image6393195616.png
f41.mp4,2327,image3633987776.png
f41.mp4,8004,image8986353481.png
f41.mp4,7777,image1188332531.png
f41.mp4,197,image4310195918.png
f42.mp4,1930,image3311931853.png
f42.mp4,11774,image1125089309.png
f42.mp4,15087,image7478529823.png
f42.mp4,9339,image0041531046.png
f42.mp4,11589,image3882343658.png
f43.mp4,15708,image2343292475.png
f43.mp4,17043,image7879525611.png
f43.mp4,2811,image4931025271.png
f43.mp4,14243,image0547374338.png
f43.mp4,6546,image5618926823.png
f44.mp4,1986,image3696689457.png
f44.mp4,8338,image8155819200.png
f44.mp4,11411,image9492206444.png
f44.mp4,2911,image9661656647.png
f44.mp4,1734,image4736462531.png
f45.mp4,18227,image3993808565.png
f45.mp4,8680,image3713453204.png
f45.mp4,18343,image3482238042.png
f45.mp4,5759,image8080621072.png
f45.mp4,2385,image0106456634.png
f47.mp4,11111,image8292791081.png
f47.mp4,4736,image3482141802.png
f47.mp4,1802,image1145921803.png
f47.mp4,8155,image4759234471.png
f47.mp4,8120,image3745927824.png
f49.mp4,6616,image7982597239.png
f49.mp4,14257,image0955345537.png
f49.mp4,14486,image6271954644.png
f49.mp4,16646,image0977515194.png
f49.mp4,14075,image8691572571.png
f5.mp4,9208,image5124453431.png
f5.mp4,16371,image5704841644.png
f5.mp4,11835,image3712367625.png
f5.mp4,13168,image5493800024.png
f5.mp4,2049,image6597996327.png
f50.mp4,5423,image4033992825.png
f50.mp4,14589,image8462806178.png
f50.mp4,7158,image9356877531.png
f50.mp4,10248,image1140169349.png
f50.mp4,7400,image9055519996.png
f6.mp4,9874,image6161404428.png
f6.mp4,15151,image5642201119.png
f6.mp4,18639,image2196545325.png
f6.mp4,1154,image2476426797.png
f6.mp4,4499,image1094024844.png
f7.mp4,6295,image7339176912.png
f7.mp4,12183,image8597198563.png
f7.mp4,12874,image2880327491.png
f7.mp4,5539,image5859286614.png
f7.mp4,9637,image9938192006.png
f8.mp4,15586,image3642197907.png
f8.mp4,2557,image9879808912.png
f8.mp4,5592,image9918302102.png
f8.mp4,16482,image6049001493.png
f8.mp4,2200,image9859764000.png
f9.mp4,14172,image0546696950.png
f9.mp4,2961,image8333798503.png
f9.mp4,14207,image3877520294.png
f9.mp4,11969,image5587537178.png
f9.mp4,2869,image4296710795.png
m1.mp4,17340,image1232285036.png
m1.mp4,13992,image7106906538.png
m1.mp4,5699,image6292076361.png
m1.mp4,3987,image9507775130.png
m1.mp4,13446,image9318753573.png
m10.mp4,1218,image4659161352.png
m10.mp4,20880,image1439622619.png
m10.mp4,4735,image3226113732.png
m10.mp4,11296,image7184602688.png
m10.mp4,4555,image0855256552.png
m11.mp4,9146,image0104906255.png
m11.mp4,8050,image4607762160.png
m11.mp4,12757,image9425027564.png
m11.mp4,19830,image7285786023.png
m11.mp4,17429,image6418301077.png
m12.mp4,6893,image1047905204.png
m12.mp4,18077,image1825989011.png
m12.mp4,14373,image6519578899.png
m12.mp4,14565,image8805620900.png
m12.mp4,3436,image3643576871.png
m13.mp4,8754,image1960488639.png
m13.mp4,10677,image7737025391.png
m13.mp4,5895,image6852415525.png
m13.mp4,19738,image8123612497.png
m13.mp4,16609,image6462972995.png
m14.mp4,15636,image6648059419.png
m14.mp4,21277,image3853479481.png
m14.mp4,7022,image6333678472.png
m14.mp4,9151,image7033702319.png
m14.mp4,5600,image6533932947.png
m15.mp4,7996,image2691864041.png
m15.mp4,9007,image5474354351.png
m15.mp4,12946,image8922723063.png
m15.mp4,4642,image1227193073.png
m15.mp4,11312,image5461974809.png
m16.mp4,7679,image2319936135.png
m16.mp4,8208,image0594312071.png
m16.mp4,18589,image5288227800.png
m16.mp4,10716,image2980491761.png
m16.mp4,17453,image3034047118.png
m17.mp4,3444,image4570828113.png
m17.mp4,10757,image6045593274.png
m17.mp4,14434,image6625464411.png
m17.mp4,1060,image1785736751.png
m17.mp4,18711,image6099469983.png
m18.mp4,3420,image2987248494.png
m18.mp4,301,image5928691380.png
m18.mp4,12468,image5805759868.png
m18.mp4,16990,image7531118333.png
m18.mp4,19554,image5242173772.png
m19.mp4,699,image5237376063.png
m19.mp4,190,image6166868574.png
m19.mp4,10492,image4419627962.png
m19.mp4,17364,image0116402431.png
m19.mp4,2975,image7055556030.png
m2.mp4,6102,image1982979741.png
m2.mp4,17568,image4510938155.png
m2.mp4,1816,image5923206003.png
m2.mp4,569,image5204041308.png
m2.mp4,5442,image5698759353.png
m20.mp4,1895,image5923301988.png
m20.mp4,19117,image7868054898.png
m20.mp4,3863,image4646751885.png
m20.mp4,12913,image8673185158.png
m20.mp4,7455,image2316787198.png
m21.mp4,4014,image1503068227.png
m21.mp4,11093,image2792347639.png
m21.mp4,18070,image2799264931.png
m21.mp4,3009,image3239406957.png
m21.mp4,16538,image4078551333.png
m22.mp4,10729,image8677466102.png
m22.mp4,1409,image0654477195.png
m22.mp4,12249,image4837082260.png
m22.mp4,784,image2875303857.png
m22.mp4,8096,image5231117883.png
m23.mp4,7560,image7299146480.png
m23.mp4,12533,image7588769565.png
m23.mp4,7343,image9310583479.png
m23.mp4,7206,image3518871744.png
m23.mp4,5801,image8438411468.png
m24.mp4,19190,image9054215189.png
m24.mp4,16921,image9929780763.png
m24.mp4,5986,image8410288290.png
m24.mp4,18225,image3070964768.png
m24.mp4,10647,image8916336966.png
m25.mp4,8716,image2693985578.png
m25.mp4,19334,image9027597356.png
m25.mp4,12323,image7612747444.png
m25.mp4,4780,image3361393222.png
m25.mp4,2368,image1591589823.png
m26.mp4,12039,image1465576748.png
m26.mp4,6655,image7943866829.png
m26.mp4,8173,image7826851692.png
m26.mp4,4495,image4748253283.png
m26.mp4,10893,image8421518487.png
m27.mp4,13403,image7854238082.png
m27.mp4,13121,image3037867512.png
m27.mp4,10966,image1870403050.png
m27.mp4,853,image9749929638.png
m27.mp4,20153,image6371573279.png
m28.mp4,16958,image5447717367.png
m28.mp4,17532,image3658080160.png
m28.mp4,9907,image4667181604.png
m28.mp4,4777,image8081544414.png
m28.mp4,20238,image5922713963.png
m29.mp4,15338,image4418232833.png
m29.mp4,2491,image7949781901.png
m29.mp4,15328,image5075963527.png
m29.mp4,14599,image5206015111.png
m29.mp4,3051,image7721631198.png
m3.mp4,15979,image5756711494.png
m3.mp4,16388,image9776499089.png
m3.mp4,876,image8633533290.png
m3.mp4,4142,image4071897791.png
m3.mp4,15202,image0367704871.png
m30.mp4,6966,image7387664437.png
m30.mp4,7079,image3256292393.png
m30.mp4,7987,image7261111839.png
m30.mp4,6799,image6403028869.png
m30.mp4,4465,image3405620755.png
m31.mp4,17019,image4694628398.png
m31.mp4,13417,image5246716604.png
m31.mp4,18077,image2971203213.png
m31.mp4,8311,image9905079483.png
m31.mp4,17214,image6792729530.png
m32.mp4,14098,image6575259637.png
m32.mp4,5177,image5715705115.png
m32.mp4,14262,image7313706299.png
m32.mp4,8308,image5458544482.png
m32.mp4,5949,image1079770569.png
m4.mp4,1150,image9108147652.png
m4.mp4,1931,image5122110529.png
m4.mp4,9204,image9103418300.png
m4.mp4,18048,image0795212538.png
m4.mp4,1081,image9519299546.png
m5.mp4,16896,image6374584386.png
m5.mp4,13407,image5128695961.png
m5.mp4,7805,image5272000062.png
m5.mp4,5237,image5065662867.png
m5.mp4,16943,image8650701349.png
m6.mp4,12775,image2294092753.png
m6.mp4,16244,image1178158203.png
m6.mp4,13184,image4184564874.png
m6.mp4,3343,image6671625956.png
m6.mp4,13500,image9132300866.png
m7.mp4,20454,image2108307952.png
m7.mp4,9662,image3748302739.png
m7.mp4,16964,image6760554363.png
m7.mp4,15125,image6311011808.png
m7.mp4,8130,image6186766399.png
m8.mp4,1679,image4515628633.png
m8.mp4,3506,image2051831252.png
m8.mp4,13284,image3530959836.png
m8.mp4,7253,image6015992643.png
m8.mp4,9435,image8908115095.png
m9.mp4,21572,image0230249217.png
m9.mp4,11310,image1304963614.png
m9.mp4,13296,image4268845844.png
m9.mp4,18525,image9098680176.png
m9.mp4,13245,image7578226896.png
